test,method,ppc,flip_coef_pic,threads,repeat,run,step,time,max_div,i,j
falling-block-water,pic,3,,32,0,falling-block-water_pic_ppc3_t32_r0,25,0.25,0.0011022,35,239
falling-block-water,pic,3,,32,0,falling-block-water_pic_ppc3_t32_r0,50,0.5,0.000680007,65,223
falling-block-water,pic,3,,32,0,falling-block-water_pic_ppc3_t32_r0,75,0.75,0.000838933,45,229
falling-block-water,pic,3,,32,0,falling-block-water_pic_ppc3_t32_r0,100,1.0,0.000805571,50,208
falling-block-water,pic,3,,32,0,falling-block-water_pic_ppc3_t32_r0,125,1.25,0.000925715,57,198
falling-block-water,pic,3,,32,0,falling-block-water_pic_ppc3_t32_r0,150,1.5,0.00134377,45,191
falling-block-water,pic,3,,32,0,falling-block-water_pic_ppc3_t32_r0,175,1.75,0.000981247,50,183
falling-block-water,pic,3,,32,0,falling-block-water_pic_ppc3_t32_r0,200,2.0,0.0013878,0,215
falling-block-water,pic,3,,32,0,falling-block-water_pic_ppc3_t32_r0,225,2.25,0.0015081,48,177
falling-block-water,pic,3,,32,0,falling-block-water_pic_ppc3_t32_r0,250,2.5,0.000987083,49,178
falling-block-water,pic,3,,32,0,falling-block-water_pic_ppc3_t32_r0,275,2.75,0.00111021,50,151
falling-block-water,pic,3,,32,0,falling-block-water_pic_ppc3_t32_r0,300,3.0,0.00152994,48,127
falling-block-water,pic,3,,32,0,falling-block-water_pic_ppc3_t32_r0,325,3.25,0.00119754,52,111
falling-block-water,pic,3,,32,0,falling-block-water_pic_ppc3_t32_r0,350,3.5,0.00104121,53,94
falling-block-water,pic,3,,32,0,falling-block-water_pic_ppc3_t32_r0,375,3.75,0.00115874,53,70
falling-block-water,pic,3,,32,0,falling-block-water_pic_ppc3_t32_r0,400,4.0,0.00102312,20,6
falling-block-water,pic,3,,32,0,falling-block-water_pic_ppc3_t32_r0,425,4.25,0.0314157,0,243
falling-block-water,pic,3,,32,0,falling-block-water_pic_ppc3_t32_r0,450,4.5,0.00810784,0,236
falling-block-water,pic,3,,32,0,falling-block-water_pic_ppc3_t32_r0,475,4.75,0.00737965,94,65
falling-block-water,pic,3,,32,0,falling-block-water_pic_ppc3_t32_r0,500,5.0,0.0066179,2,71
falling-block-water,pic,3,,32,0,falling-block-water_pic_ppc3_t32_r0,525,5.25,0.00428781,2,70
falling-block-water,pic,3,,32,0,falling-block-water_pic_ppc3_t32_r0,550,5.5,0.00379413,0,243
falling-block-water,pic,3,,32,0,falling-block-water_pic_ppc3_t32_r0,575,5.75,0.00450391,4,69
falling-block-water,pic,3,,32,0,falling-block-water_pic_ppc3_t32_r0,600,6.0,0.00421867,97,118
falling-block-water,pic,3,,32,0,falling-block-water_pic_ppc3_t32_r0,625,6.25,0.00451595,96,146
falling-block-water,pic,3,,32,0,falling-block-water_pic_ppc3_t32_r0,650,6.5,0.00744697,98,207
falling-block-water,pic,3,,32,0,falling-block-water_pic_ppc3_t32_r0,675,6.75,0.00382605,1,181
falling-block-water,pic,3,,32,0,falling-block-water_pic_ppc3_t32_r0,700,7.0,0.00422972,98,179
falling-block-water,pic,3,,32,0,falling-block-water_pic_ppc3_t32_r0,725,7.25,0.0102203,1,240
falling-block-water,pic,3,,32,0,falling-block-water_pic_ppc3_t32_r0,750,7.5,0.00761831,98,141
falling-block-water,pic,3,,32,0,falling-block-water_pic_ppc3_t32_r0,775,7.75,0.00515214,98,179
falling-block-water,pic,3,,32,0,falling-block-water_pic_ppc3_t32_r0,800,8.0,0.00423893,99,240
falling-block-water,pic,3,,32,0,falling-block-water_pic_ppc3_t32_r0,825,8.25,0.00411457,1,220
falling-block-water,pic,3,,32,0,falling-block-water_pic_ppc3_t32_r0,850,8.5,0.00521389,0,190
falling-block-water,pic,3,,32,0,falling-block-water_pic_ppc3_t32_r0,875,8.75,0.00539184,0,242
falling-block-water,pic,3,,32,0,falling-block-water_pic_ppc3_t32_r0,900,9.0,0.00365984,98,221
falling-block-water,pic,3,,32,0,falling-block-water_pic_ppc3_t32_r0,925,9.25,0.00576824,98,239
falling-block-water,pic,3,,32,0,falling-block-water_pic_ppc3_t32_r0,950,9.5,0.00937109,1,182
falling-block-water,pic,3,,32,0,falling-block-water_pic_ppc3_t32_r0,975,9.75,0.00774689,99,240
falling-block-water,pic,3,,32,0,falling-block-water_pic_ppc3_t32_r0,1000,10.0,0.0066109,98,191
falling-block-water,pic,3,,32,0,falling-block-water_pic_ppc3_t32_r0,1025,10.25,0.00846185,98,157
falling-block-water,pic,3,,32,0,falling-block-water_pic_ppc3_t32_r0,1050,10.5,0.00840962,99,217
falling-block-water,pic,3,,32,0,falling-block-water_pic_ppc3_t32_r0,1075,10.75,0.0104955,99,141
falling-block-water,pic,3,,32,0,falling-block-water_pic_ppc3_t32_r0,1100,11.0,0.0280331,0,71
falling-block-water,pic,3,,32,0,falling-block-water_pic_ppc3_t32_r0,1125,11.25,0.0326422,56,235
falling-block-water,pic,3,,32,0,falling-block-water_pic_ppc3_t32_r0,1150,11.5,0.0418087,53,239
falling-block-water,pic,3,,32,0,falling-block-water_pic_ppc3_t32_r0,1175,11.75,0.0257939,99,188
falling-block-water,pic,3,,32,0,falling-block-water_pic_ppc3_t32_r0,1200,12.0,0.00895119,99,199
falling-block-water,pic,3,,32,0,falling-block-water_pic_ppc3_t32_r0,1225,12.25,0.0125575,99,159
falling-block-water,pic,3,,32,0,falling-block-water_pic_ppc3_t32_r0,1250,12.5,0.0076662,52,234
falling-block-water,pic,3,,32,0,falling-block-water_pic_ppc3_t32_r0,1275,12.75,0.00717959,0,241
falling-block-water,pic,3,,32,0,falling-block-water_pic_ppc3_t32_r0,1300,13.0,0.0106032,52,240
falling-block-water,pic,3,,32,0,falling-block-water_pic_ppc3_t32_r0,1325,13.25,0.00755858,52,239
falling-block-water,pic,3,,32,0,falling-block-water_pic_ppc3_t32_r0,1350,13.5,0.0099957,53,206
falling-block-water,pic,3,,32,0,falling-block-water_pic_ppc3_t32_r0,1375,13.75,0.00865951,0,221
falling-block-water,pic,3,,32,0,falling-block-water_pic_ppc3_t32_r0,1400,14.0,0.0132892,53,235
falling-block-water,pic,3,,32,0,falling-block-water_pic_ppc3_t32_r0,1425,14.25,0.00686577,0,181
falling-block-water,pic,3,,32,0,falling-block-water_pic_ppc3_t32_r0,1450,14.5,0.0113099,53,228
falling-block-water,pic,3,,32,0,falling-block-water_pic_ppc3_t32_r0,1475,14.75,0.00881898,0,183
falling-block-water,pic,3,,32,0,falling-block-water_pic_ppc3_t32_r0,1500,15.0,0.00923121,52,111
falling-block-water,pic,3,,32,0,falling-block-water_pic_ppc3_t32_r0,1525,15.25,0.00387788,0,119
falling-block-water,pic,3,,32,0,falling-block-water_pic_ppc3_t32_r0,1550,15.5,0.015484,0,103
falling-block-water,pic,3,,32,0,falling-block-water_pic_ppc3_t32_r0,1575,15.75,0.0372765,0,159
falling-block-water,pic,3,,32,0,falling-block-water_pic_ppc3_t32_r0,1600,16.0,0.00762215,0,147
falling-block-water,pic,3,,32,0,falling-block-water_pic_ppc3_t32_r0,1625,16.25,0.0118014,0,87
falling-block-water,pic,3,,32,0,falling-block-water_pic_ppc3_t32_r0,1650,16.5,0.00170898,0,68
falling-block-water,pic,3,,32,0,falling-block-water_pic_ppc3_t32_r0,1675,16.75,0.00209299,52,111
falling-block-water,pic,3,,32,0,falling-block-water_pic_ppc3_t32_r0,1700,17.0,0.0048466,0,229
falling-block-water,pic,3,,32,0,falling-block-water_pic_ppc3_t32_r0,1725,17.25,0.0016349,0,199
falling-block-water,pic,3,,32,0,falling-block-water_pic_ppc3_t32_r0,1750,17.5,0.0231826,0,189
falling-block-water,pic,3,,32,0,falling-block-water_pic_ppc3_t32_r0,1775,17.75,0.00312179,95,242
falling-block-water,pic,3,,32,0,falling-block-water_pic_ppc3_t32_r0,1800,18.0,0.0167227,98,239
falling-block-water,pic,3,,32,0,falling-block-water_pic_ppc3_t32_r0,1825,18.25,0.00112596,99,234
falling-block-water,pic,3,,32,0,falling-block-water_pic_ppc3_t32_r0,1850,18.5,0.00115341,99,239
falling-block-water,pic,3,,32,0,falling-block-water_pic_ppc3_t32_r0,1875,18.75,0.00238785,96,249
falling-block-water,pic,3,,32,0,falling-block-water_pic_ppc3_t32_r0,1900,19.0,0.00280282,0,118
falling-block-water,pic,3,,32,0,falling-block-water_pic_ppc3_t32_r0,1925,19.25,0.00118655,99,241
falling-block-water,pic,3,,32,0,falling-block-water_pic_ppc3_t32_r0,1950,19.5,0.00103444,99,240
falling-block-water,pic,3,,32,0,falling-block-water_pic_ppc3_t32_r0,1975,19.75,0.00142968,99,239
falling-block-water,pic,3,,32,0,falling-block-water_pic_ppc3_t32_r0,2000,20.0,0.0110381,99,191
falling-block-water,pic,3,,32,0,falling-block-water_pic_ppc3_t32_r0,2025,20.25,0.00090763,99,179
falling-block-water,pic,3,,32,0,falling-block-water_pic_ppc3_t32_r0,2050,20.5,0.00224024,99,147
falling-block-water,pic,3,,32,0,falling-block-water_pic_ppc3_t32_r0,2075,20.75,0.00272493,99,220
falling-block-water,pic,3,,32,0,falling-block-water_pic_ppc3_t32_r0,2100,21.0,0.000660829,99,218
falling-block-water,pic,3,,32,0,falling-block-water_pic_ppc3_t32_r0,2125,21.25,0.00100469,99,241
falling-block-water,pic,3,,32,0,falling-block-water_pic_ppc3_t32_r0,2150,21.5,0.000641175,99,233
falling-block-water,pic,3,,32,0,falling-block-water_pic_ppc3_t32_r0,2175,21.75,0.000848368,99,181
falling-block-water,pic,3,,32,0,falling-block-water_pic_ppc3_t32_r0,2200,22.0,0.00109361,99,177
falling-block-water,pic,3,,32,0,falling-block-water_pic_ppc3_t32_r0,2225,22.25,0.00190621,99,158
falling-block-water,pic,3,,32,0,falling-block-water_pic_ppc3_t32_r0,2250,22.5,0.00168692,99,207
falling-block-water,pic,3,,32,0,falling-block-water_pic_ppc3_t32_r0,2275,22.75,0.000641301,99,126
falling-block-water,pic,3,,32,0,falling-block-water_pic_ppc3_t32_r0,2300,23.0,0.000624642,99,181
falling-block-water,pic,3,,32,0,falling-block-water_pic_ppc3_t32_r0,2325,23.25,0.00130306,99,87
falling-block-water,pic,3,,32,0,falling-block-water_pic_ppc3_t32_r0,2350,23.5,0.00122502,99,67
falling-block-water,pic,3,,32,0,falling-block-water_pic_ppc3_t32_r0,2375,23.75,0.00191604,0,64
falling-block-water,pic,3,,32,0,falling-block-water_pic_ppc3_t32_r0,2400,24.0,0.00239024,0,222
falling-block-water,pic,3,,32,0,falling-block-water_pic_ppc3_t32_r0,2425,24.25,0.00185752,99,109
falling-block-water,pic,3,,32,0,falling-block-water_pic_ppc3_t32_r0,2450,24.5,0.000736564,0,184
falling-block-water,pic,3,,32,0,falling-block-water_pic_ppc3_t32_r0,2475,24.75,0.000805862,0,128
falling-block-water,pic,3,,32,0,falling-block-water_pic_ppc3_t32_r0,2500,25.0,0.00231173,0,208
falling-block-water,flip,3,0.0,32,0,falling-block-water_flip_ppc3_coefpic0_t32_r0,25,0.25,0.00259902,41,219
falling-block-water,flip,3,0.0,32,0,falling-block-water_flip_ppc3_coefpic0_t32_r0,50,0.5,0.00134485,49,233
falling-block-water,flip,3,0.0,32,0,falling-block-water_flip_ppc3_coefpic0_t32_r0,75,0.75,0.000985634,51,218
falling-block-water,flip,3,0.0,32,0,falling-block-water_flip_ppc3_coefpic0_t32_r0,100,1.0,0.00152254,59,228
falling-block-water,flip,3,0.0,32,0,falling-block-water_flip_ppc3_coefpic0_t32_r0,125,1.25,0.000992172,50,7
falling-block-water,flip,3,0.0,32,0,falling-block-water_flip_ppc3_coefpic0_t32_r0,150,1.5,0.00221391,50,191
falling-block-water,flip,3,0.0,32,0,falling-block-water_flip_ppc3_coefpic0_t32_r0,175,1.75,0.00208355,50,183
falling-block-water,flip,3,0.0,32,0,falling-block-water_flip_ppc3_coefpic0_t32_r0,200,2.0,0.00497747,0,229
falling-block-water,flip,3,0.0,32,0,falling-block-water_flip_ppc3_coefpic0_t32_r0,225,2.25,0.00497555,0,229
falling-block-water,flip,3,0.0,32,0,falling-block-water_flip_ppc3_coefpic0_t32_r0,250,2.5,0.00445486,48,150
falling-block-water,flip,3,0.0,32,0,falling-block-water_flip_ppc3_coefpic0_t32_r0,275,2.75,0.00573137,45,135
falling-block-water,flip,3,0.0,32,0,falling-block-water_flip_ppc3_coefpic0_t32_r0,300,3.0,0.00578711,60,119
falling-block-water,flip,3,0.0,32,0,falling-block-water_flip_ppc3_coefpic0_t32_r0,325,3.25,0.00667954,39,109
falling-block-water,flip,3,0.0,32,0,falling-block-water_flip_ppc3_coefpic0_t32_r0,350,3.5,0.00606662,0,229
falling-block-water,flip,3,0.0,32,0,falling-block-water_flip_ppc3_coefpic0_t32_r0,375,3.75,0.00938597,58,75
falling-block-water,flip,3,0.0,32,0,falling-block-water_flip_ppc3_coefpic0_t32_r0,400,4.0,0.00986167,0,176
falling-block-water,flip,3,0.0,32,0,falling-block-water_flip_ppc3_coefpic0_t32_r0,425,4.25,0.043141,0,192
falling-block-water,flip,3,0.0,32,0,falling-block-water_flip_ppc3_coefpic0_t32_r0,450,4.5,0.159373,0,229
falling-block-water,flip,3,0.0,32,0,falling-block-water_flip_ppc3_coefpic0_t32_r0,475,4.75,0.200678,97,85
falling-block-water,flip,3,0.0,32,0,falling-block-water_flip_ppc3_coefpic0_t32_r0,500,5.0,0.124323,92,135
falling-block-water,flip,3,0.0,32,0,falling-block-water_flip_ppc3_coefpic0_t32_r0,525,5.25,0.0875258,0,229
falling-block-water,flip,3,0.0,32,0,falling-block-water_flip_ppc3_coefpic0_t32_r0,550,5.5,0.0943112,16,158
falling-block-water,flip,3,0.0,32,0,falling-block-water_flip_ppc3_coefpic0_t32_r0,575,5.75,0.439339,2,78
falling-block-water,flip,3,0.0,32,0,falling-block-water_flip_ppc3_coefpic0_t32_r0,600,6.0,0.497966,83,220
falling-block-water,flip,3,0.0,32,0,falling-block-water_flip_ppc3_coefpic0_t32_r0,625,6.25,0.239217,98,148
falling-block-water,flip,3,0.0,32,0,falling-block-water_flip_ppc3_coefpic0_t32_r0,650,6.5,0.483185,12,240
falling-block-water,flip,3,0.0,32,0,falling-block-water_flip_ppc3_coefpic0_t32_r0,675,6.75,0.43295,1,183
falling-block-water,flip,3,0.0,32,0,falling-block-water_flip_ppc3_coefpic0_t32_r0,700,7.0,0.272075,23,218
falling-block-water,flip,3,0.0,32,0,falling-block-water_flip_ppc3_coefpic0_t32_r0,725,7.25,0.202713,0,198
falling-block-water,flip,3,0.0,32,0,falling-block-water_flip_ppc3_coefpic0_t32_r0,750,7.5,0.26506,98,166
falling-block-water,flip,3,0.0,32,0,falling-block-water_flip_ppc3_coefpic0_t32_r0,775,7.75,0.111188,51,241
falling-block-water,flip,3,0.0,32,0,falling-block-water_flip_ppc3_coefpic0_t32_r0,800,8.0,0.332689,3,151
falling-block-water,flip,3,0.0,32,0,falling-block-water_flip_ppc3_coefpic0_t32_r0,825,8.25,0.157735,43,242
falling-block-water,flip,3,0.0,32,0,falling-block-water_flip_ppc3_coefpic0_t32_r0,850,8.5,0.372573,52,221
falling-block-water,flip,3,0.0,32,0,falling-block-water_flip_ppc3_coefpic0_t32_r0,875,8.75,0.136162,48,239
falling-block-water,flip,3,0.0,32,0,falling-block-water_flip_ppc3_coefpic0_t32_r0,900,9.0,0.181202,44,239
falling-block-water,flip,3,0.0,32,0,falling-block-water_flip_ppc3_coefpic0_t32_r0,925,9.25,0.27408,43,232
falling-block-water,flip,3,0.0,32,0,falling-block-water_flip_ppc3_coefpic0_t32_r0,950,9.5,0.181696,29,109
falling-block-water,flip,3,0.0,32,0,falling-block-water_flip_ppc3_coefpic0_t32_r0,975,9.75,0.177687,45,242
falling-block-water,flip,3,0.0,32,0,falling-block-water_flip_ppc3_coefpic0_t32_r0,1000,10.0,0.722019,74,239
falling-block-water,flip,3,0.0,32,0,falling-block-water_flip_ppc3_coefpic0_t32_r0,1025,10.25,0.315638,51,234
falling-block-water,flip,3,0.0,32,0,falling-block-water_flip_ppc3_coefpic0_t32_r0,1050,10.5,0.293704,53,234
falling-block-water,flip,3,0.0,32,0,falling-block-water_flip_ppc3_coefpic0_t32_r0,1075,10.75,0.169346,39,241
falling-block-water,flip,3,0.0,32,0,falling-block-water_flip_ppc3_coefpic0_t32_r0,1100,11.0,0.220376,62,179
falling-block-water,flip,3,0.0,32,0,falling-block-water_flip_ppc3_coefpic0_t32_r0,1125,11.25,0.182222,8,110
falling-block-water,flip,3,0.0,32,0,falling-block-water_flip_ppc3_coefpic0_t32_r0,1150,11.5,0.227053,55,235
falling-block-water,flip,3,0.0,32,0,falling-block-water_flip_ppc3_coefpic0_t32_r0,1175,11.75,0.412119,5,220
falling-block-water,flip,3,0.0,32,0,falling-block-water_flip_ppc3_coefpic0_t32_r0,1200,12.0,0.460958,77,147
falling-block-water,flip,3,0.0,32,0,falling-block-water_flip_ppc3_coefpic0_t32_r0,1225,12.25,0.181168,49,220
falling-block-water,flip,3,0.0,32,0,falling-block-water_flip_ppc3_coefpic0_t32_r0,1250,12.5,0.243921,21,241
falling-block-water,flip,3,0.0,32,0,falling-block-water_flip_ppc3_coefpic0_t32_r0,1275,12.75,0.439384,92,146
falling-block-water,flip,3,0.0,32,0,falling-block-water_flip_ppc3_coefpic0_t32_r0,1300,13.0,0.136931,74,240
falling-block-water,flip,3,0.0,32,0,falling-block-water_flip_ppc3_coefpic0_t32_r0,1325,13.25,0.184301,15,151
falling-block-water,flip,3,0.0,32,0,falling-block-water_flip_ppc3_coefpic0_t32_r0,1350,13.5,0.126823,54,239
falling-block-water,flip,3,0.0,32,0,falling-block-water_flip_ppc3_coefpic0_t32_r0,1375,13.75,0.620435,21,119
falling-block-water,flip,3,0.0,32,0,falling-block-water_flip_ppc3_coefpic0_t32_r0,1400,14.0,0.103472,72,242
falling-block-water,flip,3,0.0,32,0,falling-block-water_flip_ppc3_coefpic0_t32_r0,1425,14.25,0.116502,26,150
falling-block-water,flip,3,0.0,32,0,falling-block-water_flip_ppc3_coefpic0_t32_r0,1450,14.5,0.346601,96,181
falling-block-water,flip,3,0.0,32,0,falling-block-water_flip_ppc3_coefpic0_t32_r0,1475,14.75,0.217021,93,183
falling-block-water,flip,3,0.0,32,0,falling-block-water_flip_ppc3_coefpic0_t32_r0,1500,15.0,0.187205,38,111
falling-block-water,flip,3,0.0,32,0,falling-block-water_flip_ppc3_coefpic0_t32_r0,1525,15.25,0.138622,99,235
falling-block-water,flip,3,0.0,32,0,falling-block-water_flip_ppc3_coefpic0_t32_r0,1550,15.5,0.220255,76,87
falling-block-water,flip,3,0.0,32,0,falling-block-water_flip_ppc3_coefpic0_t32_r0,1575,15.75,0.0658169,49,106
falling-block-water,flip,3,0.0,32,0,falling-block-water_flip_ppc3_coefpic0_t32_r0,1600,16.0,0.14534,85,158
falling-block-water,flip,3,0.0,32,0,falling-block-water_flip_ppc3_coefpic0_t32_r0,1625,16.25,0.0930057,54,177
falling-block-water,flip,3,0.0,32,0,falling-block-water_flip_ppc3_coefpic0_t32_r0,1650,16.5,0.045598,71,110
falling-block-water,flip,3,0.0,32,0,falling-block-water_flip_ppc3_coefpic0_t32_r0,1675,16.75,0.0339074,76,85
falling-block-water,flip,3,0.0,32,0,falling-block-water_flip_ppc3_coefpic0_t32_r0,1700,17.0,0.146825,77,79
falling-block-water,flip,3,0.0,32,0,falling-block-water_flip_ppc3_coefpic0_t32_r0,1725,17.25,0.306064,99,151
falling-block-water,flip,3,0.0,32,0,falling-block-water_flip_ppc3_coefpic0_t32_r0,1750,17.5,0.115525,1,156
falling-block-water,flip,3,0.0,32,0,falling-block-water_flip_ppc3_coefpic0_t32_r0,1775,17.75,0.0741225,2,110
falling-block-water,flip,3,0.0,32,0,falling-block-water_flip_ppc3_coefpic0_t32_r0,1800,18.0,0.0452318,38,35
falling-block-water,flip,3,0.0,32,0,falling-block-water_flip_ppc3_coefpic0_t32_r0,1825,18.25,0.172297,0,176
falling-block-water,flip,3,0.0,32,0,falling-block-water_flip_ppc3_coefpic0_t32_r0,1850,18.5,0.0486412,0,109
falling-block-water,flip,3,0.0,32,0,falling-block-water_flip_ppc3_coefpic0_t32_r0,1875,18.75,0.0523603,35,38
falling-block-water,flip,3,0.0,32,0,falling-block-water_flip_ppc3_coefpic0_t32_r0,1900,19.0,0.0777287,7,45
falling-block-water,flip,3,0.0,32,0,falling-block-water_flip_ppc3_coefpic0_t32_r0,1925,19.25,0.302205,35,240
falling-block-water,flip,3,0.0,32,0,falling-block-water_flip_ppc3_coefpic0_t32_r0,1950,19.5,0.0269932,27,249
falling-block-water,flip,3,0.0,32,0,falling-block-water_flip_ppc3_coefpic0_t32_r0,1975,19.75,0.0717645,40,109
falling-block-water,flip,3,0.0,32,0,falling-block-water_flip_ppc3_coefpic0_t32_r0,2000,20.0,0.0327778,99,106
falling-block-water,flip,3,0.0,32,0,falling-block-water_flip_ppc3_coefpic0_t32_r0,2025,20.25,0.0319982,21,79
falling-block-water,flip,3,0.0,32,0,falling-block-water_flip_ppc3_coefpic0_t32_r0,2050,20.5,0.0356936,0,234
falling-block-water,flip,3,0.0,32,0,falling-block-water_flip_ppc3_coefpic0_t32_r0,2075,20.75,0.0286427,0,168
falling-block-water,flip,3,0.0,32,0,falling-block-water_flip_ppc3_coefpic0_t32_r0,2100,21.0,0.0244365,30,74
falling-block-water,flip,3,0.0,32,0,falling-block-water_flip_ppc3_coefpic0_t32_r0,2125,21.25,0.110161,40,46
falling-block-water,flip,3,0.0,32,0,falling-block-water_flip_ppc3_coefpic0_t32_r0,2150,21.5,0.0251825,0,191
falling-block-water,flip,3,0.0,32,0,falling-block-water_flip_ppc3_coefpic0_t32_r0,2175,21.75,0.0599658,0,177
falling-block-water,flip,3,0.0,32,0,falling-block-water_flip_ppc3_coefpic0_t32_r0,2200,22.0,0.0319922,69,177
falling-block-water,flip,3,0.0,32,0,falling-block-water_flip_ppc3_coefpic0_t32_r0,2225,22.25,0.0340693,0,146
falling-block-water,flip,3,0.0,32,0,falling-block-water_flip_ppc3_coefpic0_t32_r0,2250,22.5,0.0338745,13,249
falling-block-water,flip,3,0.0,32,0,falling-block-water_flip_ppc3_coefpic0_t32_r0,2275,22.75,0.0750799,10,249
falling-block-water,flip,3,0.0,32,0,falling-block-water_flip_ppc3_coefpic0_t32_r0,2300,23.0,0.0507236,39,119
falling-block-water,flip,3,0.0,32,0,falling-block-water_flip_ppc3_coefpic0_t32_r0,2325,23.25,0.0256402,5,249
falling-block-water,flip,3,0.0,32,0,falling-block-water_flip_ppc3_coefpic0_t32_r0,2350,23.5,0.0245258,91,105
falling-block-water,flip,3,0.0,32,0,falling-block-water_flip_ppc3_coefpic0_t32_r0,2375,23.75,0.078862,99,33
falling-block-water,flip,3,0.0,32,0,falling-block-water_flip_ppc3_coefpic0_t32_r0,2400,24.0,0.0335271,88,107
falling-block-water,flip,3,0.0,32,0,falling-block-water_flip_ppc3_coefpic0_t32_r0,2425,24.25,0.0827775,99,150
falling-block-water,flip,3,0.0,32,0,falling-block-water_flip_ppc3_coefpic0_t32_r0,2450,24.5,0.0999711,94,86
falling-block-water,flip,3,0.0,32,0,falling-block-water_flip_ppc3_coefpic0_t32_r0,2475,24.75,0.0636234,98,126
falling-block-water,flip,3,0.0,32,0,falling-block-water_flip_ppc3_coefpic0_t32_r0,2500,25.0,0.0325947,48,54
falling-block-water,flip,3,0.05,32,0,falling-block-water_flip_ppc3_coefpic0p05_t32_r0,25,0.25,0.00147878,39,217
falling-block-water,flip,3,0.05,32,0,falling-block-water_flip_ppc3_coefpic0p05_t32_r0,50,0.5,0.00110156,59,207
falling-block-water,flip,3,0.05,32,0,falling-block-water_flip_ppc3_coefpic0p05_t32_r0,75,0.75,0.00106648,56,207
falling-block-water,flip,3,0.05,32,0,falling-block-water_flip_ppc3_coefpic0p05_t32_r0,100,1.0,0.00141896,57,221
falling-block-water,flip,3,0.05,32,0,falling-block-water_flip_ppc3_coefpic0p05_t32_r0,125,1.25,0.00329942,33,199
falling-block-water,flip,3,0.05,32,0,falling-block-water_flip_ppc3_coefpic0p05_t32_r0,150,1.5,0.00224783,57,207
falling-block-water,flip,3,0.05,32,0,falling-block-water_flip_ppc3_coefpic0p05_t32_r0,175,1.75,0.00139726,49,199
falling-block-water,flip,3,0.05,32,0,falling-block-water_flip_ppc3_coefpic0p05_t32_r0,200,2.0,0.00257672,65,191
falling-block-water,flip,3,0.05,32,0,falling-block-water_flip_ppc3_coefpic0p05_t32_r0,225,2.25,0.00289584,33,159
falling-block-water,flip,3,0.05,32,0,falling-block-water_flip_ppc3_coefpic0p05_t32_r0,250,2.5,0.00207932,65,165
falling-block-water,flip,3,0.05,32,0,falling-block-water_flip_ppc3_coefpic0p05_t32_r0,275,2.75,0.00150794,49,135
falling-block-water,flip,3,0.05,32,0,falling-block-water_flip_ppc3_coefpic0p05_t32_r0,300,3.0,0.00136261,50,150
falling-block-water,flip,3,0.05,32,0,falling-block-water_flip_ppc3_coefpic0p05_t32_r0,325,3.25,0.00164613,0,229
falling-block-water,flip,3,0.05,32,0,falling-block-water_flip_ppc3_coefpic0p05_t32_r0,350,3.5,0.00110952,48,87
falling-block-water,flip,3,0.05,32,0,falling-block-water_flip_ppc3_coefpic0p05_t32_r0,375,3.75,0.00156455,48,87
falling-block-water,flip,3,0.05,32,0,falling-block-water_flip_ppc3_coefpic0p05_t32_r0,400,4.0,0.00115171,70,5
falling-block-water,flip,3,0.05,32,0,falling-block-water_flip_ppc3_coefpic0p05_t32_r0,425,4.25,0.0355133,0,176
falling-block-water,flip,3,0.05,32,0,falling-block-water_flip_ppc3_coefpic0p05_t32_r0,450,4.5,0.0036009,0,236
falling-block-water,flip,3,0.05,32,0,falling-block-water_flip_ppc3_coefpic0p05_t32_r0,475,4.75,0.00288159,96,87
falling-block-water,flip,3,0.05,32,0,falling-block-water_flip_ppc3_coefpic0p05_t32_r0,500,5.0,0.00659919,4,47
falling-block-water,flip,3,0.05,32,0,falling-block-water_flip_ppc3_coefpic0p05_t32_r0,525,5.25,0.0136352,1,119
falling-block-water,flip,3,0.05,32,0,falling-block-water_flip_ppc3_coefpic0p05_t32_r0,550,5.5,0.0155395,91,175
falling-block-water,flip,3,0.05,32,0,falling-block-water_flip_ppc3_coefpic0p05_t32_r0,575,5.75,0.0104755,98,175
falling-block-water,flip,3,0.05,32,0,falling-block-water_flip_ppc3_coefpic0p05_t32_r0,600,6.0,0.0155652,99,238
falling-block-water,flip,3,0.05,32,0,falling-block-water_flip_ppc3_coefpic0p05_t32_r0,625,6.25,0.0189539,2,159
falling-block-water,flip,3,0.05,32,0,falling-block-water_flip_ppc3_coefpic0p05_t32_r0,650,6.5,0.248413,89,242
falling-block-water,flip,3,0.05,32,0,falling-block-water_flip_ppc3_coefpic0p05_t32_r0,675,6.75,0.286498,98,216
falling-block-water,flip,3,0.05,32,0,falling-block-water_flip_ppc3_coefpic0p05_t32_r0,700,7.0,0.72958,79,220
falling-block-water,flip,3,0.05,32,0,falling-block-water_flip_ppc3_coefpic0p05_t32_r0,725,7.25,0.448816,97,103
falling-block-water,flip,3,0.05,32,0,falling-block-water_flip_ppc3_coefpic0p05_t32_r0,750,7.5,0.0803435,99,119
falling-block-water,flip,3,0.05,32,0,falling-block-water_flip_ppc3_coefpic0p05_t32_r0,775,7.75,0.0179682,51,242
falling-block-water,flip,3,0.05,32,0,falling-block-water_flip_ppc3_coefpic0p05_t32_r0,800,8.0,0.0423474,0,197
falling-block-water,flip,3,0.05,32,0,falling-block-water_flip_ppc3_coefpic0p05_t32_r0,825,8.25,0.0401866,68,167
falling-block-water,flip,3,0.05,32,0,falling-block-water_flip_ppc3_coefpic0p05_t32_r0,850,8.5,0.143638,44,216
falling-block-water,flip,3,0.05,32,0,falling-block-water_flip_ppc3_coefpic0p05_t32_r0,875,8.75,0.137968,46,207
falling-block-water,flip,3,0.05,32,0,falling-block-water_flip_ppc3_coefpic0p05_t32_r0,900,9.0,0.0562437,53,199
falling-block-water,flip,3,0.05,32,0,falling-block-water_flip_ppc3_coefpic0p05_t32_r0,925,9.25,0.0247217,49,206
falling-block-water,flip,3,0.05,32,0,falling-block-water_flip_ppc3_coefpic0p05_t32_r0,950,9.5,0.10886,50,238
falling-block-water,flip,3,0.05,32,0,falling-block-water_flip_ppc3_coefpic0p05_t32_r0,975,9.75,0.0314087,49,248
falling-block-water,flip,3,0.05,32,0,falling-block-water_flip_ppc3_coefpic0p05_t32_r0,1000,10.0,0.077879,49,247
falling-block-water,flip,3,0.05,32,0,falling-block-water_flip_ppc3_coefpic0p05_t32_r0,1025,10.25,0.368142,48,248
falling-block-water,flip,3,0.05,32,0,falling-block-water_flip_ppc3_coefpic0p05_t32_r0,1050,10.5,0.0645381,46,228
falling-block-water,flip,3,0.05,32,0,falling-block-water_flip_ppc3_coefpic0p05_t32_r0,1075,10.75,0.115715,46,219
falling-block-water,flip,3,0.05,32,0,falling-block-water_flip_ppc3_coefpic0p05_t32_r0,1100,11.0,0.0493546,53,186
falling-block-water,flip,3,0.05,32,0,falling-block-water_flip_ppc3_coefpic0p05_t32_r0,1125,11.25,0.0445261,48,187
falling-block-water,flip,3,0.05,32,0,falling-block-water_flip_ppc3_coefpic0p05_t32_r0,1150,11.5,0.0818367,49,247
falling-block-water,flip,3,0.05,32,0,falling-block-water_flip_ppc3_coefpic0p05_t32_r0,1175,11.75,0.314632,53,144
falling-block-water,flip,3,0.05,32,0,falling-block-water_flip_ppc3_coefpic0p05_t32_r0,1200,12.0,0.0712708,45,151
falling-block-water,flip,3,0.05,32,0,falling-block-water_flip_ppc3_coefpic0p05_t32_r0,1225,12.25,0.112794,48,190
falling-block-water,flip,3,0.05,32,0,falling-block-water_flip_ppc3_coefpic0p05_t32_r0,1250,12.5,0.237199,49,242
falling-block-water,flip,3,0.05,32,0,falling-block-water_flip_ppc3_coefpic0p05_t32_r0,1275,12.75,0.106733,43,135
falling-block-water,flip,3,0.05,32,0,falling-block-water_flip_ppc3_coefpic0p05_t32_r0,1300,13.0,0.238925,44,248
falling-block-water,flip,3,0.05,32,0,falling-block-water_flip_ppc3_coefpic0p05_t32_r0,1325,13.25,0.192447,45,235
falling-block-water,flip,3,0.05,32,0,falling-block-water_flip_ppc3_coefpic0p05_t32_r0,1350,13.5,0.0667027,41,242
falling-block-water,flip,3,0.05,32,0,falling-block-water_flip_ppc3_coefpic0p05_t32_r0,1375,13.75,0.0334299,39,238
falling-block-water,flip,3,0.05,32,0,falling-block-water_flip_ppc3_coefpic0p05_t32_r0,1400,14.0,0.0254693,49,158
falling-block-water,flip,3,0.05,32,0,falling-block-water_flip_ppc3_coefpic0p05_t32_r0,1425,14.25,0.0903673,65,239
falling-block-water,flip,3,0.05,32,0,falling-block-water_flip_ppc3_coefpic0p05_t32_r0,1450,14.5,0.155143,38,207
falling-block-water,flip,3,0.05,32,0,falling-block-water_flip_ppc3_coefpic0p05_t32_r0,1475,14.75,0.127616,99,238
falling-block-water,flip,3,0.05,32,0,falling-block-water_flip_ppc3_coefpic0p05_t32_r0,1500,15.0,0.167463,75,248
falling-block-water,flip,3,0.05,32,0,falling-block-water_flip_ppc3_coefpic0p05_t32_r0,1525,15.25,0.0322599,77,248
falling-block-water,flip,3,0.05,32,0,falling-block-water_flip_ppc3_coefpic0p05_t32_r0,1550,15.5,0.146848,0,135
falling-block-water,flip,3,0.05,32,0,falling-block-water_flip_ppc3_coefpic0p05_t32_r0,1575,15.75,0.105172,59,191
falling-block-water,flip,3,0.05,32,0,falling-block-water_flip_ppc3_coefpic0p05_t32_r0,1600,16.0,0.0179772,99,198
falling-block-water,flip,3,0.05,32,0,falling-block-water_flip_ppc3_coefpic0p05_t32_r0,1625,16.25,0.0503026,99,185
falling-block-water,flip,3,0.05,32,0,falling-block-water_flip_ppc3_coefpic0p05_t32_r0,1650,16.5,0.0754189,99,76
falling-block-water,flip,3,0.05,32,0,falling-block-water_flip_ppc3_coefpic0p05_t32_r0,1675,16.75,0.0666878,56,135
falling-block-water,flip,3,0.05,32,0,falling-block-water_flip_ppc3_coefpic0p05_t32_r0,1700,17.0,0.338898,55,117
falling-block-water,flip,3,0.05,32,0,falling-block-water_flip_ppc3_coefpic0p05_t32_r0,1725,17.25,0.0204031,99,125
falling-block-water,flip,3,0.05,32,0,falling-block-water_flip_ppc3_coefpic0p05_t32_r0,1750,17.5,0.0129526,53,78
falling-block-water,flip,3,0.05,32,0,falling-block-water_flip_ppc3_coefpic0p05_t32_r0,1775,17.75,0.0100221,90,189
falling-block-water,flip,3,0.05,32,0,falling-block-water_flip_ppc3_coefpic0p05_t32_r0,1800,18.0,0.00860453,0,229
falling-block-water,flip,3,0.05,32,0,falling-block-water_flip_ppc3_coefpic0p05_t32_r0,1825,18.25,0.0141693,0,229
falling-block-water,flip,3,0.05,32,0,falling-block-water_flip_ppc3_coefpic0p05_t32_r0,1850,18.5,0.00984073,95,147
falling-block-water,flip,3,0.05,32,0,falling-block-water_flip_ppc3_coefpic0p05_t32_r0,1875,18.75,0.00895742,0,168
falling-block-water,flip,3,0.05,32,0,falling-block-water_flip_ppc3_coefpic0p05_t32_r0,1900,19.0,0.0121948,97,113
falling-block-water,flip,3,0.05,32,0,falling-block-water_flip_ppc3_coefpic0p05_t32_r0,1925,19.25,0.00696654,99,94
falling-block-water,flip,3,0.05,32,0,falling-block-water_flip_ppc3_coefpic0p05_t32_r0,1950,19.5,0.00460789,0,229
falling-block-water,flip,3,0.05,32,0,falling-block-water_flip_ppc3_coefpic0p05_t32_r0,1975,19.75,0.00841921,0,229
falling-block-water,flip,3,0.05,32,0,falling-block-water_flip_ppc3_coefpic0p05_t32_r0,2000,20.0,0.00576806,0,229
falling-block-water,flip,3,0.05,32,0,falling-block-water_flip_ppc3_coefpic0p05_t32_r0,2025,20.25,0.00379196,98,32
falling-block-water,flip,3,0.05,32,0,falling-block-water_flip_ppc3_coefpic0p05_t32_r0,2050,20.5,0.00540137,0,184
falling-block-water,flip,3,0.05,32,0,falling-block-water_flip_ppc3_coefpic0p05_t32_r0,2075,20.75,0.00407371,0,229
falling-block-water,flip,3,0.05,32,0,falling-block-water_flip_ppc3_coefpic0p05_t32_r0,2100,21.0,0.00261205,0,229
falling-block-water,flip,3,0.05,32,0,falling-block-water_flip_ppc3_coefpic0p05_t32_r0,2125,21.25,0.00329822,0,229
falling-block-water,flip,3,0.05,32,0,falling-block-water_flip_ppc3_coefpic0p05_t32_r0,2150,21.5,0.00279874,0,229
falling-block-water,flip,3,0.05,32,0,falling-block-water_flip_ppc3_coefpic0p05_t32_r0,2175,21.75,0.0035072,0,229
falling-block-water,flip,3,0.05,32,0,falling-block-water_flip_ppc3_coefpic0p05_t32_r0,2200,22.0,0.00394326,0,229
falling-block-water,flip,3,0.05,32,0,falling-block-water_flip_ppc3_coefpic0p05_t32_r0,2225,22.25,0.00251839,0,229
falling-block-water,flip,3,0.05,32,0,falling-block-water_flip_ppc3_coefpic0p05_t32_r0,2250,22.5,0.0032438,0,236
falling-block-water,flip,3,0.05,32,0,falling-block-water_flip_ppc3_coefpic0p05_t32_r0,2275,22.75,0.00266141,0,229
falling-block-water,flip,3,0.05,32,0,falling-block-water_flip_ppc3_coefpic0p05_t32_r0,2300,23.0,0.00202364,0,229
falling-block-water,flip,3,0.05,32,0,falling-block-water_flip_ppc3_coefpic0p05_t32_r0,2325,23.25,0.00355572,0,229
falling-block-water,flip,3,0.05,32,0,falling-block-water_flip_ppc3_coefpic0p05_t32_r0,2350,23.5,0.00320542,0,229
falling-block-water,flip,3,0.05,32,0,falling-block-water_flip_ppc3_coefpic0p05_t32_r0,2375,23.75,0.00436562,0,208
falling-block-water,flip,3,0.05,32,0,falling-block-water_flip_ppc3_coefpic0p05_t32_r0,2400,24.0,0.00455028,0,229
falling-block-water,flip,3,0.05,32,0,falling-block-water_flip_ppc3_coefpic0p05_t32_r0,2425,24.25,0.0023683,0,229
falling-block-water,flip,3,0.05,32,0,falling-block-water_flip_ppc3_coefpic0p05_t32_r0,2450,24.5,0.00952372,0,229
falling-block-water,flip,3,0.05,32,0,falling-block-water_flip_ppc3_coefpic0p05_t32_r0,2475,24.75,0.0124743,0,229
falling-block-water,flip,3,0.05,32,0,falling-block-water_flip_ppc3_coefpic0p05_t32_r0,2500,25.0,0.00359526,0,229
falling-block-water,flip,3,0.1,32,0,falling-block-water_flip_ppc3_coefpic0p1_t32_r0,25,0.25,0.00146043,56,224
falling-block-water,flip,3,0.1,32,0,falling-block-water_flip_ppc3_coefpic0p1_t32_r0,50,0.5,0.00124725,63,225
falling-block-water,flip,3,0.1,32,0,falling-block-water_flip_ppc3_coefpic0p1_t32_r0,75,0.75,0.00170537,0,168
falling-block-water,flip,3,0.1,32,0,falling-block-water_flip_ppc3_coefpic0p1_t32_r0,100,1.0,0.00288685,49,199
falling-block-water,flip,3,0.1,32,0,falling-block-water_flip_ppc3_coefpic0p1_t32_r0,125,1.25,0.00262036,65,207
falling-block-water,flip,3,0.1,32,0,falling-block-water_flip_ppc3_coefpic0p1_t32_r0,150,1.5,0.00178556,64,214
falling-block-water,flip,3,0.1,32,0,falling-block-water_flip_ppc3_coefpic0p1_t32_r0,175,1.75,0.00344611,36,196
falling-block-water,flip,3,0.1,32,0,falling-block-water_flip_ppc3_coefpic0p1_t32_r0,200,2.0,0.00179503,64,198
falling-block-water,flip,3,0.1,32,0,falling-block-water_flip_ppc3_coefpic0p1_t32_r0,225,2.25,0.00157999,47,175
falling-block-water,flip,3,0.1,32,0,falling-block-water_flip_ppc3_coefpic0p1_t32_r0,250,2.5,0.00158125,51,173
falling-block-water,flip,3,0.1,32,0,falling-block-water_flip_ppc3_coefpic0p1_t32_r0,275,2.75,0.00228091,49,135
falling-block-water,flip,3,0.1,32,0,falling-block-water_flip_ppc3_coefpic0p1_t32_r0,300,3.0,0.0024179,0,215
falling-block-water,flip,3,0.1,32,0,falling-block-water_flip_ppc3_coefpic0p1_t32_r0,325,3.25,0.00140996,56,125
falling-block-water,flip,3,0.1,32,0,falling-block-water_flip_ppc3_coefpic0p1_t32_r0,350,3.5,0.00159161,58,87
falling-block-water,flip,3,0.1,32,0,falling-block-water_flip_ppc3_coefpic0p1_t32_r0,375,3.75,0.00142337,48,87
falling-block-water,flip,3,0.1,32,0,falling-block-water_flip_ppc3_coefpic0p1_t32_r0,400,4.0,0.00111757,0,229
falling-block-water,flip,3,0.1,32,0,falling-block-water_flip_ppc3_coefpic0p1_t32_r0,425,4.25,0.0385712,0,229
falling-block-water,flip,3,0.1,32,0,falling-block-water_flip_ppc3_coefpic0p1_t32_r0,450,4.5,0.00509328,0,229
falling-block-water,flip,3,0.1,32,0,falling-block-water_flip_ppc3_coefpic0p1_t32_r0,475,4.75,0.00259346,99,95
falling-block-water,flip,3,0.1,32,0,falling-block-water_flip_ppc3_coefpic0p1_t32_r0,500,5.0,0.00270885,99,127
falling-block-water,flip,3,0.1,32,0,falling-block-water_flip_ppc3_coefpic0p1_t32_r0,525,5.25,0.0030148,96,103
falling-block-water,flip,3,0.1,32,0,falling-block-water_flip_ppc3_coefpic0p1_t32_r0,550,5.5,0.00265956,2,164
falling-block-water,flip,3,0.1,32,0,falling-block-water_flip_ppc3_coefpic0p1_t32_r0,575,5.75,0.00599772,99,173
falling-block-water,flip,3,0.1,32,0,falling-block-water_flip_ppc3_coefpic0p1_t32_r0,600,6.0,0.0613991,99,223
falling-block-water,flip,3,0.1,32,0,falling-block-water_flip_ppc3_coefpic0p1_t32_r0,625,6.25,0.00294179,98,206
falling-block-water,flip,3,0.1,32,0,falling-block-water_flip_ppc3_coefpic0p1_t32_r0,650,6.5,0.0755467,98,95
falling-block-water,flip,3,0.1,32,0,falling-block-water_flip_ppc3_coefpic0p1_t32_r0,675,6.75,0.0904589,21,247
falling-block-water,flip,3,0.1,32,0,falling-block-water_flip_ppc3_coefpic0p1_t32_r0,700,7.0,0.202491,98,101
falling-block-water,flip,3,0.1,32,0,falling-block-water_flip_ppc3_coefpic0p1_t32_r0,725,7.25,0.123525,97,103
falling-block-water,flip,3,0.1,32,0,falling-block-water_flip_ppc3_coefpic0p1_t32_r0,750,7.5,0.0775367,1,214
falling-block-water,flip,3,0.1,32,0,falling-block-water_flip_ppc3_coefpic0p1_t32_r0,775,7.75,0.0574493,51,207
falling-block-water,flip,3,0.1,32,0,falling-block-water_flip_ppc3_coefpic0p1_t32_r0,800,8.0,0.0435317,44,235
falling-block-water,flip,3,0.1,32,0,falling-block-water_flip_ppc3_coefpic0p1_t32_r0,825,8.25,0.029953,43,227
falling-block-water,flip,3,0.1,32,0,falling-block-water_flip_ppc3_coefpic0p1_t32_r0,850,8.5,0.0461173,41,206
falling-block-water,flip,3,0.1,32,0,falling-block-water_flip_ppc3_coefpic0p1_t32_r0,875,8.75,0.0717956,43,246
falling-block-water,flip,3,0.1,32,0,falling-block-water_flip_ppc3_coefpic0p1_t32_r0,900,9.0,0.020901,42,235
falling-block-water,flip,3,0.1,32,0,falling-block-water_flip_ppc3_coefpic0p1_t32_r0,925,9.25,0.0189985,47,198
falling-block-water,flip,3,0.1,32,0,falling-block-water_flip_ppc3_coefpic0p1_t32_r0,950,9.5,0.021444,41,247
falling-block-water,flip,3,0.1,32,0,falling-block-water_flip_ppc3_coefpic0p1_t32_r0,975,9.75,0.0143316,39,246
falling-block-water,flip,3,0.1,32,0,falling-block-water_flip_ppc3_coefpic0p1_t32_r0,1000,10.0,0.28088,42,166
falling-block-water,flip,3,0.1,32,0,falling-block-water_flip_ppc3_coefpic0p1_t32_r0,1025,10.25,0.313585,41,203
falling-block-water,flip,3,0.1,32,0,falling-block-water_flip_ppc3_coefpic0p1_t32_r0,1050,10.5,0.216722,37,248
falling-block-water,flip,3,0.1,32,0,falling-block-water_flip_ppc3_coefpic0p1_t32_r0,1075,10.75,0.111442,40,183
falling-block-water,flip,3,0.1,32,0,falling-block-water_flip_ppc3_coefpic0p1_t32_r0,1100,11.0,0.0991948,35,225
falling-block-water,flip,3,0.1,32,0,falling-block-water_flip_ppc3_coefpic0p1_t32_r0,1125,11.25,0.0420909,39,193
falling-block-water,flip,3,0.1,32,0,falling-block-water_flip_ppc3_coefpic0p1_t32_r0,1150,11.5,0.101604,40,167
falling-block-water,flip,3,0.1,32,0,falling-block-water_flip_ppc3_coefpic0p1_t32_r0,1175,11.75,0.0209758,31,227
falling-block-water,flip,3,0.1,32,0,falling-block-water_flip_ppc3_coefpic0p1_t32_r0,1200,12.0,0.0345552,40,134
falling-block-water,flip,3,0.1,32,0,falling-block-water_flip_ppc3_coefpic0p1_t32_r0,1225,12.25,0.0360307,29,199
falling-block-water,flip,3,0.1,32,0,falling-block-water_flip_ppc3_coefpic0p1_t32_r0,1250,12.5,0.0556038,27,205
falling-block-water,flip,3,0.1,32,0,falling-block-water_flip_ppc3_coefpic0p1_t32_r0,1275,12.75,0.04242,18,235
falling-block-water,flip,3,0.1,32,0,falling-block-water_flip_ppc3_coefpic0p1_t32_r0,1300,13.0,0.1088,31,199
falling-block-water,flip,3,0.1,32,0,falling-block-water_flip_ppc3_coefpic0p1_t32_r0,1325,13.25,0.0884013,99,195
falling-block-water,flip,3,0.1,32,0,falling-block-water_flip_ppc3_coefpic0p1_t32_r0,1350,13.5,0.0256848,20,245
falling-block-water,flip,3,0.1,32,0,falling-block-water_flip_ppc3_coefpic0p1_t32_r0,1375,13.75,0.022095,16,183
falling-block-water,flip,3,0.1,32,0,falling-block-water_flip_ppc3_coefpic0p1_t32_r0,1400,14.0,0.0880383,20,235
falling-block-water,flip,3,0.1,32,0,falling-block-water_flip_ppc3_coefpic0p1_t32_r0,1425,14.25,0.0258938,24,248
falling-block-water,flip,3,0.1,32,0,falling-block-water_flip_ppc3_coefpic0p1_t32_r0,1450,14.5,0.0225067,1,165
falling-block-water,flip,3,0.1,32,0,falling-block-water_flip_ppc3_coefpic0p1_t32_r0,1475,14.75,0.0172374,99,207
falling-block-water,flip,3,0.1,32,0,falling-block-water_flip_ppc3_coefpic0p1_t32_r0,1500,15.0,0.0281985,0,134
falling-block-water,flip,3,0.1,32,0,falling-block-water_flip_ppc3_coefpic0p1_t32_r0,1525,15.25,0.0148191,19,195
falling-block-water,flip,3,0.1,32,0,falling-block-water_flip_ppc3_coefpic0p1_t32_r0,1550,15.5,0.0313023,20,249
falling-block-water,flip,3,0.1,32,0,falling-block-water_flip_ppc3_coefpic0p1_t32_r0,1575,15.75,0.0337791,21,249
falling-block-water,flip,3,0.1,32,0,falling-block-water_flip_ppc3_coefpic0p1_t32_r0,1600,16.0,0.0708457,99,167
falling-block-water,flip,3,0.1,32,0,falling-block-water_flip_ppc3_coefpic0p1_t32_r0,1625,16.25,0.0143949,99,125
falling-block-water,flip,3,0.1,32,0,falling-block-water_flip_ppc3_coefpic0p1_t32_r0,1650,16.5,0.0144134,24,248
falling-block-water,flip,3,0.1,32,0,falling-block-water_flip_ppc3_coefpic0p1_t32_r0,1675,16.75,0.0064044,99,93
falling-block-water,flip,3,0.1,32,0,falling-block-water_flip_ppc3_coefpic0p1_t32_r0,1700,17.0,0.0108176,99,71
falling-block-water,flip,3,0.1,32,0,falling-block-water_flip_ppc3_coefpic0p1_t32_r0,1725,17.25,0.00856078,99,82
falling-block-water,flip,3,0.1,32,0,falling-block-water_flip_ppc3_coefpic0p1_t32_r0,1750,17.5,0.00786173,0,134
falling-block-water,flip,3,0.1,32,0,falling-block-water_flip_ppc3_coefpic0p1_t32_r0,1775,17.75,0.0135697,0,165
falling-block-water,flip,3,0.1,32,0,falling-block-water_flip_ppc3_coefpic0p1_t32_r0,1800,18.0,0.00729084,1,103
falling-block-water,flip,3,0.1,32,0,falling-block-water_flip_ppc3_coefpic0p1_t32_r0,1825,18.25,0.00721499,0,86
falling-block-water,flip,3,0.1,32,0,falling-block-water_flip_ppc3_coefpic0p1_t32_r0,1850,18.5,0.0194517,0,215
falling-block-water,flip,3,0.1,32,0,falling-block-water_flip_ppc3_coefpic0p1_t32_r0,1875,18.75,0.0224154,0,229
falling-block-water,flip,3,0.1,32,0,falling-block-water_flip_ppc3_coefpic0p1_t32_r0,1900,19.0,0.004686,0,229
falling-block-water,flip,3,0.1,32,0,falling-block-water_flip_ppc3_coefpic0p1_t32_r0,1925,19.25,0.00664365,0,215
falling-block-water,flip,3,0.1,32,0,falling-block-water_flip_ppc3_coefpic0p1_t32_r0,1950,19.5,0.00217652,0,229
falling-block-water,flip,3,0.1,32,0,falling-block-water_flip_ppc3_coefpic0p1_t32_r0,1975,19.75,0.0153345,0,229
falling-block-water,flip,3,0.1,32,0,falling-block-water_flip_ppc3_coefpic0p1_t32_r0,2000,20.0,0.00395584,29,64
falling-block-water,flip,3,0.1,32,0,falling-block-water_flip_ppc3_coefpic0p1_t32_r0,2025,20.25,0.00881433,0,229
falling-block-water,flip,3,0.1,32,0,falling-block-water_flip_ppc3_coefpic0p1_t32_r0,2050,20.5,0.00671315,32,69
falling-block-water,flip,3,0.1,32,0,falling-block-water_flip_ppc3_coefpic0p1_t32_r0,2075,20.75,0.00957716,0,229
falling-block-water,flip,3,0.1,32,0,falling-block-water_flip_ppc3_coefpic0p1_t32_r0,2100,21.0,0.00361931,0,229
falling-block-water,flip,3,0.1,32,0,falling-block-water_flip_ppc3_coefpic0p1_t32_r0,2125,21.25,0.00203598,0,229
falling-block-water,flip,3,0.1,32,0,falling-block-water_flip_ppc3_coefpic0p1_t32_r0,2150,21.5,0.00336552,0,222
falling-block-water,flip,3,0.1,32,0,falling-block-water_flip_ppc3_coefpic0p1_t32_r0,2175,21.75,0.00232458,0,229
falling-block-water,flip,3,0.1,32,0,falling-block-water_flip_ppc3_coefpic0p1_t32_r0,2200,22.0,0.00400192,0,229
falling-block-water,flip,3,0.1,32,0,falling-block-water_flip_ppc3_coefpic0p1_t32_r0,2225,22.25,0.00180387,0,229
falling-block-water,flip,3,0.1,32,0,falling-block-water_flip_ppc3_coefpic0p1_t32_r0,2250,22.5,0.00487387,0,229
falling-block-water,flip,3,0.1,32,0,falling-block-water_flip_ppc3_coefpic0p1_t32_r0,2275,22.75,0.00238842,0,229
falling-block-water,flip,3,0.1,32,0,falling-block-water_flip_ppc3_coefpic0p1_t32_r0,2300,23.0,0.00324118,0,229
falling-block-water,flip,3,0.1,32,0,falling-block-water_flip_ppc3_coefpic0p1_t32_r0,2325,23.25,0.00111651,99,61
falling-block-water,flip,3,0.1,32,0,falling-block-water_flip_ppc3_coefpic0p1_t32_r0,2350,23.5,0.00176024,0,229
falling-block-water,flip,3,0.1,32,0,falling-block-water_flip_ppc3_coefpic0p1_t32_r0,2375,23.75,0.00193763,0,229
falling-block-water,flip,3,0.1,32,0,falling-block-water_flip_ppc3_coefpic0p1_t32_r0,2400,24.0,0.00173724,0,229
falling-block-water,flip,3,0.1,32,0,falling-block-water_flip_ppc3_coefpic0p1_t32_r0,2425,24.25,0.00125957,98,32
falling-block-water,flip,3,0.1,32,0,falling-block-water_flip_ppc3_coefpic0p1_t32_r0,2450,24.5,0.00127751,0,229
falling-block-water,flip,3,0.1,32,0,falling-block-water_flip_ppc3_coefpic0p1_t32_r0,2475,24.75,0.00246586,89,33
falling-block-water,flip,3,0.1,32,0,falling-block-water_flip_ppc3_coefpic0p1_t32_r0,2500,25.0,0.00226834,0,229
falling-block-water,apic,3,,32,0,falling-block-water_apic_ppc3_t32_r0,25,0.25,0.0012598,33,239
falling-block-water,apic,3,,32,0,falling-block-water_apic_ppc3_t32_r0,50,0.5,0.00223333,42,218
falling-block-water,apic,3,,32,0,falling-block-water_apic_ppc3_t32_r0,75,0.75,0.00195235,45,220
falling-block-water,apic,3,,32,0,falling-block-water_apic_ppc3_t32_r0,100,1.0,0.00132042,46,221
falling-block-water,apic,3,,32,0,falling-block-water_apic_ppc3_t32_r0,125,1.25,0.00190082,57,220
falling-block-water,apic,3,,32,0,falling-block-water_apic_ppc3_t32_r0,150,1.5,0.00262741,66,187
falling-block-water,apic,3,,32,0,falling-block-water_apic_ppc3_t32_r0,175,1.75,0.00139091,36,183
falling-block-water,apic,3,,32,0,falling-block-water_apic_ppc3_t32_r0,200,2.0,0.00117286,40,183
falling-block-water,apic,3,,32,0,falling-block-water_apic_ppc3_t32_r0,225,2.25,0.00147185,61,159
falling-block-water,apic,3,,32,0,falling-block-water_apic_ppc3_t32_r0,250,2.5,0.00131479,33,177
falling-block-water,apic,3,,32,0,falling-block-water_apic_ppc3_t32_r0,275,2.75,0.00189204,0,192
falling-block-water,apic,3,,32,0,falling-block-water_apic_ppc3_t32_r0,300,3.0,0.001997,56,146
falling-block-water,apic,3,,32,0,falling-block-water_apic_ppc3_t32_r0,325,3.25,0.00184711,0,208
falling-block-water,apic,3,,32,0,falling-block-water_apic_ppc3_t32_r0,350,3.5,0.00151191,0,200
falling-block-water,apic,3,,32,0,falling-block-water_apic_ppc3_t32_r0,375,3.75,0.00261298,51,23
falling-block-water,apic,3,,32,0,falling-block-water_apic_ppc3_t32_r0,400,4.0,0.00271811,0,128
falling-block-water,apic,3,,32,0,falling-block-water_apic_ppc3_t32_r0,425,4.25,0.0386822,0,229
falling-block-water,apic,3,,32,0,falling-block-water_apic_ppc3_t32_r0,450,4.5,0.0227839,0,243
falling-block-water,apic,3,,32,0,falling-block-water_apic_ppc3_t32_r0,475,4.75,0.00101477,0,243
falling-block-water,apic,3,,32,0,falling-block-water_apic_ppc3_t32_r0,500,5.0,0.000853121,95,79
falling-block-water,apic,3,,32,0,falling-block-water_apic_ppc3_t32_r0,525,5.25,0.000988841,0,151
falling-block-water,apic,3,,32,0,falling-block-water_apic_ppc3_t32_r0,550,5.5,0.000581965,0,182
falling-block-water,apic,3,,32,0,falling-block-water_apic_ppc3_t32_r0,575,5.75,0.00128423,0,219
falling-block-water,apic,3,,32,0,falling-block-water_apic_ppc3_t32_r0,600,6.0,0.192776,97,116
falling-block-water,apic,3,,32,0,falling-block-water_apic_ppc3_t32_r0,625,6.25,0.0361431,0,242
falling-block-water,apic,3,,32,0,falling-block-water_apic_ppc3_t32_r0,650,6.5,0.300484,39,240
falling-block-water,apic,3,,32,0,falling-block-water_apic_ppc3_t32_r0,675,6.75,0.174671,50,221
falling-block-water,apic,3,,32,0,falling-block-water_apic_ppc3_t32_r0,700,7.0,0.120436,42,219
falling-block-water,apic,3,,32,0,falling-block-water_apic_ppc3_t32_r0,725,7.25,0.0424528,36,240
falling-block-water,apic,3,,32,0,falling-block-water_apic_ppc3_t32_r0,750,7.5,0.036786,42,198
falling-block-water,apic,3,,32,0,falling-block-water_apic_ppc3_t32_r0,775,7.75,0.19949,27,182
falling-block-water,apic,3,,32,0,falling-block-water_apic_ppc3_t32_r0,800,8.0,0.223219,39,111
falling-block-water,apic,3,,32,0,falling-block-water_apic_ppc3_t32_r0,825,8.25,0.215296,36,221
falling-block-water,apic,3,,32,0,falling-block-water_apic_ppc3_t32_r0,850,8.5,0.0461671,35,218
falling-block-water,apic,3,,32,0,falling-block-water_apic_ppc3_t32_r0,875,8.75,0.149042,39,151
falling-block-water,apic,3,,32,0,falling-block-water_apic_ppc3_t32_r0,900,9.0,0.136732,31,218
falling-block-water,apic,3,,32,0,falling-block-water_apic_ppc3_t32_r0,925,9.25,0.0410661,37,76
falling-block-water,apic,3,,32,0,falling-block-water_apic_ppc3_t32_r0,950,9.5,0.239296,25,240
falling-block-water,apic,3,,32,0,falling-block-water_apic_ppc3_t32_r0,975,9.75,0.16024,92,79
falling-block-water,apic,3,,32,0,falling-block-water_apic_ppc3_t32_r0,1000,10.0,0.213989,36,108
falling-block-water,apic,3,,32,0,falling-block-water_apic_ppc3_t32_r0,1025,10.25,0.0881758,23,190
falling-block-water,apic,3,,32,0,falling-block-water_apic_ppc3_t32_r0,1050,10.5,0.536463,15,220
falling-block-water,apic,3,,32,0,falling-block-water_apic_ppc3_t32_r0,1075,10.75,0.187458,11,221
falling-block-water,apic,3,,32,0,falling-block-water_apic_ppc3_t32_r0,1100,11.0,0.0996769,9,76
falling-block-water,apic,3,,32,0,falling-block-water_apic_ppc3_t32_r0,1125,11.25,0.0474258,9,180
falling-block-water,apic,3,,32,0,falling-block-water_apic_ppc3_t32_r0,1150,11.5,0.160729,31,39
falling-block-water,apic,3,,32,0,falling-block-water_apic_ppc3_t32_r0,1175,11.75,0.405554,99,199
falling-block-water,apic,3,,32,0,falling-block-water_apic_ppc3_t32_r0,1200,12.0,0.0740266,0,242
falling-block-water,apic,3,,32,0,falling-block-water_apic_ppc3_t32_r0,1225,12.25,0.379722,0,241
falling-block-water,apic,3,,32,0,falling-block-water_apic_ppc3_t32_r0,1250,12.5,0.0812545,61,242
falling-block-water,apic,3,,32,0,falling-block-water_apic_ppc3_t32_r0,1275,12.75,0.106897,27,242
falling-block-water,apic,3,,32,0,falling-block-water_apic_ppc3_t32_r0,1300,13.0,0.143679,99,149
falling-block-water,apic,3,,32,0,falling-block-water_apic_ppc3_t32_r0,1325,13.25,0.0735525,99,151
falling-block-water,apic,3,,32,0,falling-block-water_apic_ppc3_t32_r0,1350,13.5,0.0207634,52,228
falling-block-water,apic,3,,32,0,falling-block-water_apic_ppc3_t32_r0,1375,13.75,0.032953,8,241
falling-block-water,apic,3,,32,0,falling-block-water_apic_ppc3_t32_r0,1400,14.0,0.0105076,4,241
falling-block-water,apic,3,,32,0,falling-block-water_apic_ppc3_t32_r0,1425,14.25,0.0122845,99,147
falling-block-water,apic,3,,32,0,falling-block-water_apic_ppc3_t32_r0,1450,14.5,0.0193057,0,180
falling-block-water,apic,3,,32,0,falling-block-water_apic_ppc3_t32_r0,1475,14.75,0.0273855,0,146
falling-block-water,apic,3,,32,0,falling-block-water_apic_ppc3_t32_r0,1500,15.0,0.0137731,97,7
falling-block-water,apic,3,,32,0,falling-block-water_apic_ppc3_t32_r0,1525,15.25,0.0729236,0,182
falling-block-water,apic,3,,32,0,falling-block-water_apic_ppc3_t32_r0,1550,15.5,0.0733323,33,148
falling-block-water,apic,3,,32,0,falling-block-water_apic_ppc3_t32_r0,1575,15.75,0.0215232,0,183
falling-block-water,apic,3,,32,0,falling-block-water_apic_ppc3_t32_r0,1600,16.0,0.0114183,0,151
falling-block-water,apic,3,,32,0,falling-block-water_apic_ppc3_t32_r0,1625,16.25,0.0129089,0,167
falling-block-water,apic,3,,32,0,falling-block-water_apic_ppc3_t32_r0,1650,16.5,0.00969839,0,159
falling-block-water,apic,3,,32,0,falling-block-water_apic_ppc3_t32_r0,1675,16.75,0.0469351,0,150
falling-block-water,apic,3,,32,0,falling-block-water_apic_ppc3_t32_r0,1700,17.0,0.00560417,0,127
falling-block-water,apic,3,,32,0,falling-block-water_apic_ppc3_t32_r0,1725,17.25,0.0133374,0,111
falling-block-water,apic,3,,32,0,falling-block-water_apic_ppc3_t32_r0,1750,17.5,0.0206964,0,79
falling-block-water,apic,3,,32,0,falling-block-water_apic_ppc3_t32_r0,1775,17.75,0.0165206,0,108
falling-block-water,apic,3,,32,0,falling-block-water_apic_ppc3_t32_r0,1800,18.0,0.00602579,0,87
falling-block-water,apic,3,,32,0,falling-block-water_apic_ppc3_t32_r0,1825,18.25,0.0109284,2,78
falling-block-water,apic,3,,32,0,falling-block-water_apic_ppc3_t32_r0,1850,18.5,0.00777388,98,32
falling-block-water,apic,3,,32,0,falling-block-water_apic_ppc3_t32_r0,1875,18.75,0.00642848,0,229
falling-block-water,apic,3,,32,0,falling-block-water_apic_ppc3_t32_r0,1900,19.0,0.00572753,6,76
falling-block-water,apic,3,,32,0,falling-block-water_apic_ppc3_t32_r0,1925,19.25,0.00481904,98,32
falling-block-water,apic,3,,32,0,falling-block-water_apic_ppc3_t32_r0,1950,19.5,0.00790763,0,229
falling-block-water,apic,3,,32,0,falling-block-water_apic_ppc3_t32_r0,1975,19.75,0.00832582,2,75
falling-block-water,apic,3,,32,0,falling-block-water_apic_ppc3_t32_r0,2000,20.0,0.0217633,0,208
falling-block-water,apic,3,,32,0,falling-block-water_apic_ppc3_t32_r0,2025,20.25,0.0082376,98,32
falling-block-water,apic,3,,32,0,falling-block-water_apic_ppc3_t32_r0,2050,20.5,0.00691342,0,184
falling-block-water,apic,3,,32,0,falling-block-water_apic_ppc3_t32_r0,2075,20.75,0.00280702,0,184
falling-block-water,apic,3,,32,0,falling-block-water_apic_ppc3_t32_r0,2100,21.0,0.00637054,0,168
falling-block-water,apic,3,,32,0,falling-block-water_apic_ppc3_t32_r0,2125,21.25,0.00813115,0,215
falling-block-water,apic,3,,32,0,falling-block-water_apic_ppc3_t32_r0,2150,21.5,0.00999856,92,34
falling-block-water,apic,3,,32,0,falling-block-water_apic_ppc3_t32_r0,2175,21.75,0.002478,0,192
falling-block-water,apic,3,,32,0,falling-block-water_apic_ppc3_t32_r0,2200,22.0,0.00391006,0,229
falling-block-water,apic,3,,32,0,falling-block-water_apic_ppc3_t32_r0,2225,22.25,0.00542879,96,40
falling-block-water,apic,3,,32,0,falling-block-water_apic_ppc3_t32_r0,2250,22.5,0.0055052,98,32
falling-block-water,apic,3,,32,0,falling-block-water_apic_ppc3_t32_r0,2275,22.75,0.00513017,0,243
falling-block-water,apic,3,,32,0,falling-block-water_apic_ppc3_t32_r0,2300,23.0,0.00413251,0,168
falling-block-water,apic,3,,32,0,falling-block-water_apic_ppc3_t32_r0,2325,23.25,0.00417238,99,1
falling-block-water,apic,3,,32,0,falling-block-water_apic_ppc3_t32_r0,2350,23.5,0.00362939,0,243
falling-block-water,apic,3,,32,0,falling-block-water_apic_ppc3_t32_r0,2375,23.75,0.00546128,0,96
falling-block-water,apic,3,,32,0,falling-block-water_apic_ppc3_t32_r0,2400,24.0,0.00429943,0,176
falling-block-water,apic,3,,32,0,falling-block-water_apic_ppc3_t32_r0,2425,24.25,0.00362623,0,208
falling-block-water,apic,3,,32,0,falling-block-water_apic_ppc3_t32_r0,2450,24.5,0.0018791,0,222
falling-block-water,apic,3,,32,0,falling-block-water_apic_ppc3_t32_r0,2475,24.75,0.00150944,0,168
falling-block-water,apic,3,,32,0,falling-block-water_apic_ppc3_t32_r0,2500,25.0,0.00294814,0,192
